Name,Annealing sequence,Overhang sequence,Description,Complete sequence,Strand,Total length,GC%,TM
02811 F,AATTCGGATGACAATGCTGATGGC,GACGACGACAAGATG,Imported primer,GACGACGACAAGATGAATTCGGATGACAATGCTGATGGC,,39bp,48.71%,58.23
02811 R,GTTACAAACAATGTTTATTAGGATTTCTCTTCATAC,GAGGAGAAGCCCG,Imported primer,GAGGAGAAGCCCGGTTACAAACAATGTTTATTAGGATTTCTCTTCATAC,,49bp,38.77%,55.95
10421 F,GTTTACATTACCAAGACAACCAACCAAATC,GACGACGACAAGAT,Imported primer,GACGACGACAAGATGTTTACATTACCAAGACAACCAACCAAATC,,44bp,40.9%,57.42
10421 R,GCCCGGTTAATCCACTAACTGACTAAGCTTGAC,GAGGAGAA,Imported primer,GAGGAGAAGCCCGGTTAATCCACTAACTGACTAAGCTTGAC,,41bp,48.78%,63.51
10421 R,TTAATCCACTAACTGACTAAGCTTGAC,GAGGAGAAGCCCGG,Imported primer,GAGGAGAAGCCCGGTTAATCCACTAACTGACTAAGCTTGAC,,41bp,48.78%,54.87
18401 F,GCTCCAGCTTATTTAACAACCC,GACGACGACAAGATG,Imported primer,GACGACGACAAGATGGCTCCAGCTTATTTAACAACCC,,37bp,48.64%,53.82
18401 R,TAGTTTTTAGTAATTTCAGCCTCTCCAGG,GAGGAGAAGCCCGGT,Imported primer,GAGGAGAAGCCCGGTTAGTTTTTAGTAATTTCAGCCTCTCCAGG,,44bp,47.72%,56.68
18641 F,GCAGTAGAATTAAAAACTTTTCAAAATATAGTAG,GACGACGACAAGATG,Imported primer,GACGACGACAAGATGGCAGTAGAATTAAAAACTTTTCAAAATATAGTAG,,49bp,32.65%,53.2
18641 R,TTACCCGAATACTTTAAAACCATCCC,GAGGAGAAGCCCGG,Imported primer,GAGGAGAAGCCCGGTTACCCGAATACTTTAAAACCATCCC,,40bp,50%,55.12
ChiAN2F,GGAAGCATCCAATTAATCAATGCTGC,GACGACGACAAGATG,,GACGACGACAAGATGGGAAGCATCCAATTAATCAATGCTGC,,41bp,46.34%,57.51
ChiAN2R,ATCGTTATATTGAATTGCAGGAGTTGAG,GAGGAGAAGCCCGGTTA,,GAGGAGAAGCCCGGTTAATCGTTATATTGAATTGCAGGAGTTGAG,,45bp,44.44%,55.89
ChiAN3F,GGGAGTAGTTACCAATTCTCAACTC,GACGACGACAAGATG,,GACGACGACAAGATGGGGAGTAGTTACCAATTCTCAACTC,,40bp,47.5%,54.75
ChiAN3R,AGATAAAGTGATGTTTACTGTTGCATTTTCTG,GAGGAGAAGCCCGGTTA,,GAGGAGAAGCCCGGTTAAGATAAAGTGATGTTTACTGTTGCATTTTCTG,,49bp,40.81%,57.04
LCL F,AAAAGCAATCCGGCCTCGC,GACGACGACAAGATG,Imported primer,GACGACGACAAGATGAAAAGCAATCCGGCCTCGC,,34bp,55.88%,58.28
LCL R,GTTAAAAGGCTCTTACAGCACGTAC,GAGGAGAAGCCCG,Imported primer,GAGGAGAAGCCCGGTTAAAAGGCTCTTACAGCACGTAC,,38bp,52.63%,56.33
LspC-GST-fixed F,ACTTATGTTAGGGCTATCCCTG,AAGTTCTGTTTCAGGGCCCG,,AAGTTCTGTTTCAGGGCCCGACTTATGTTAGGGCTATCCCTG,,42bp,50%,53.27
LspC-GST-fixed R,TCCTCTTTTAAAGGCTTAGCGAC,ATGGTCTAGAAAGCTTTAT,,ATGGTCTAGAAAGCTTTATTCCTCTTTTAAAGGCTTAGCGAC,,42bp,38.09%,54.81
LspC-GST F,ACTTATGTTAGGGCTATCCGTC,AAGTTCTGTTTCAGGGCCCG,,AAGTTCTGTTTCAGGGCCCGACTTATGTTAGGGCTATCCGTC,,42bp,50%,53.27
LspC-GST R,TCCTCTTTTAAAGGCTTAGCGAC,ATGGTCTAGAAAGCTTTAT,,ATGGTCTAGAAAGCTTTATTCCTCTTTTAAAGGCTTAGCGAC,,42bp,38.09%,54.81
LspCHR F,GAGGATAATGTAAAACAATCAATGCTG,GACGACGACAAGATG,Reverse primer is LspCTMHRHR R,GACGACGACAAGATGGAGGATAATGTAAAACAATCAATGCTG,,42bp,40.47%,53.51
LspCHR-GST F,GAGGATAATGTAAAACAATCAATGCTG,AAGTTCTGTTTCAGGGCCCG,,AAGTTCTGTTTCAGGGCCCGGAGGATAATGTAAAACAATCAATGCTG,,47bp,42.55%,53.51
LspCHR-GST R,TCCTCTTTTAAAGGCTTAGCGAC,ATGGTCTAGAAAGCTTTAT,,ATGGTCTAGAAAGCTTTATTCCTCTTTTAAAGGCTTAGCGAC,,42bp,38.09%,54.81
LspCTMHRHR F,TGACTTATGTTAGGGCTATCCCTG,GACGACGACAAGA,Imported primer,GACGACGACAAGATGACTTATGTTAGGGCTATCCCTG,,37bp,48.64%,55.27
LspCTMHRHR R,TTATTCCTCTTTTAAAGGCTTAGCGAC,GAGGAGAAGCCCGGTTA,Imported primer,GAGGAGAAGCCCGGTTATTATTCCTCTTTTAAAGGCTTAGCGAC,,44bp,45.45%,55.63
fixedLspCTMHRHR F,TGACTTATGTTAGGGCTATCCCGG,GACGACGACAAGA,Imported primer,GACGACGACAAGATGACTTATGTTAGGGCTATCCCGG,,37bp,48.64%,55.27
fixedLspCTMHRHR R,TTATTCCTCTTTTAAAGGCTTAGCGAC,GAGGAGAAGCCCGGTTA,Imported primer,GAGGAGAAGCCCGGTTATTATTCCTCTTTTAAAGGCTTAGCGAC,,44bp,45.45%,55.63
LspD F,CGCTCGATAGTAATTATAC,ATATCCATGGAA,Imported primer,ATATCCATGGAACGCTCGATAGTAATTATAC,,31bp,35.48%,44.35
LspD R,GGTCATTTTTGATGAGTATTG,ATATCTCGAG,Imported primer,ATATCTCGAGGGTCATTTTTGATGAGTATTG,,31bp,35.48%,47.23
LspD+E R,GGTCATTTTTGATGAGTATTG,ATATCTCGAGCATTTTATCATCATCATC,Imported primer,ATATCTCGAGCATTTTATCATCATCATCGGTCATTTTTGATGAGTATTG,,49bp,32.65%,47.23
LspDN0 S-Tag F,GACGACGACAAGATGGGCAGTAAATTATGGAATTTACGTAACG,,,GACGACGACAAGATGGGCAGTAAATTATGGAATTTACGTAACG,,43bp,41.86%,65.34
LspDN0 S-Tag R,GAGGAGAAGCCCGGTCGTGGAGGACTCTTCATTCC,,,GAGGAGAAGCCCGGTCGTGGAGGACTCTTCATTCC,,35bp,60%,69.11
LspDN0-GST F,GGCAGTAAATTATGGAATTTACGTAACG,AAGTTCTGTTTCAGGGCCCG,,AAGTTCTGTTTCAGGGCCCGGGCAGTAAATTATGGAATTTACGTAACG,,48bp,43.75%,55.37
LspDN0-GST R,CGTGGAGGACTCTTCATTCC,ATGGTCTAGAAAGCTTTAT,,ATGGTCTAGAAAGCTTTATCGTGGAGGACTCTTCATTCC,,39bp,43.58%,54.14
LspL CTD F,GCAGAAAATCAAACTCG,CCAGCATATG,,CCAGCATATGGCAGAAAATCAAACTCG,,27bp,44.44%,45.66
LspL CTD R,TCACGTTAACTCCAGAGTTG,CCAGCTCGAG,,CCAGCTCGAGTCACGTTAACTCCAGAGTTG,,30bp,53.33%,51.54
LspL F,GTTGGCGGATTATGCG,ATATCCATGGAA,Imported primer,ATATCCATGGAAGTTGGCGGATTATGCG,,28bp,46.42%,50.21
LspL R,CGTTAACTCCAGAGTTGC,ATATCTCGAG,Imported primer,ATATCTCGAGCGTTAACTCCAGAGTTGC,,28bp,46.42%,49.95
LspL+E R,CGTTAACTCCAGAGTTG,ATATCTCGAGATCATCATCATCTTTCAT,Imported primer,ATATCTCGAGATCATCATCATCTTTCATCGTTAACTCCAGAGTTG,,45bp,37.77%,46.15
LspM CTD F,AGCCAATTGTTAACTATTCTTGCTTCCC,CCAGCATATG,,CCAGCATATGAGCCAATTGTTAACTATTCTTGCTTCCC,,38bp,42.1%,57.91
LspM CTD R,CTAACTTGCAGAGAGTATGATCATC,CCAGCTCGAG,,CCAGCTCGAGCTAACTTGCAGAGAGTATGATCATC,,35bp,48.57%,53.04
LspM F,CCTCTGAGCAACCAG,ATATCCATGGAA,Imported primer,ATATCCATGGAACCTCTGAGCAACCAG,,27bp,48.14%,46.91
LspM R,ACTTGCAGAGAGTATGATC,ATATCTCGAG,Imported primer,ATATCTCGAGACTTGCAGAGAGTATGATC,,29bp,41.37%,47.99
LspM+E R,ACTTGCAGAGAGTATG,ATATCTCGAGATCATCATCATCTTTCAT,Imported primer,ATATCTCGAGATCATCATCATCTTTCATACTTGCAGAGAGTATG,,44bp,36.36%,43.41
LspMHR-F,AGCCAATTGTTAACTATTCTTGCTTCC,CCAGCCATGGAA,,CCAGCCATGGAAAGCCAATTGTTAACTATTCTTGCTTCC,,39bp,43.58%,56.24
ntta F,GAGGACACAGCAAATCCTAATGAG,GACGACGACAAGATG,Imported primer,GACGACGACAAGATGGAGGACACAGCAAATCCTAATGAG,,39bp,48.71%,55.39
ntta R,TATTTGGGAATTAGATGTTTTTCAGCAAAATCTTTTC,GAGGAGAAGCCCGGT,Imported primer,GAGGAGAAGCCCGGTTATTTGGGAATTAGATGTTTTTCAGCAAAATCTTTTC,,52bp,38.46%,57.94
