ID,ProtName,Plasmid,Plasmid_x0020_Resistance,AA_x0020_seq,AA_x0020_num
1,02811,pET-46,AMP,MAHHHHHHVDDDDKMNSDDNADGLIFSPLPQNKNTVVRHYSNEQEMPNLSQMAQRTIDFPTQIVRVSGNLTGLELSCDDVENEIDQVFSKKISPNLFTYNTYVSCGYDVNDPEQHATNFSIQSYFDPLTDNAVDYLKSYLKEYNGYNLFNTTTLQIENAKGIIVSMNLNAGLKSNPDKTPFTLYRQDRNNFYFKSNFDVRKELISDIYQRFYSNDPDMILPFFDKWIFSYAGSVYYSILMASNYLELQPERIFVMENEGDIFVSDLRYYFANLCMKRNPNKHCL,284
2,10421,pET-46,AMP,MAHHHHHHVDDDDKMFTLPRQPTKSYECENCSQLSRENLHDKWEITNEPLNNNISNVRRSYGYKERISLEQLQRGVIISTLAPGAVVRITPLQNKSIPELLIKTPKNQLLPLKEASSLYNQDDEVGNNPLAITKHQAMLQIKPELGYGKFILKSKDITNKYADAYMISVLDKFSITYLEVETDSLHYQYGDKLKATISLHNDITEYDVNDVDARLVGPKGQVISLNLTKLKSNVFEGTATLDSELNDRGENWYLETDVQTEYGQEIIRRSGHTAFSYSIPSASLMNVKKLSSKPLTFVVTVDVATASRYALQSVLFQKNGKGEARPIQTSQRAQWLEPGKHVLQFTFDNHNQLSDDNLYLGYLRLIDYGQLKTVYQYNQPVKLSQLVD,388
3,13951,pET-46,AMP,MAHHHHHHVDDDDKMEDTANPNEMTKDAWLNSMTPLLPDLICKGFIQDPDLKKRFDEIKMTYEQCVTLIPESTKKCQDELYASMPDKINSETAGTWGRSLGECIGKDFAEKHLIPK,116
4,18401,pET-46,AMP,MAHHHHHHVDDDDKMAPAYLTTHNRTGEESNAYIAGSIPSLYPTAAYSTNQVYWNLVRLACYGHTTNGQCPALIKMATNTANPIDIGYVTMDLNTGDITPKTLSAKGYSLRVIGPGEAEITKN,123
5,18641,pET-46,AMP,MAHHHHHHVDDDDKMAVELKTFQNIVDAIAEGKRISFVINLKKCTSEMPLNSAIVSVTPNAVMVVGDSRVTASDRHFTLDDPVARGTPMFDYSKFNLDSEGDASIKTTVLNASSYERLGSYQMNCKLGDGFKVFG,135
7,C1QBP,pET-46,AMP,MAHHHHHHVDDDDKMLPLLRCVPRVLGSSVAGLRAAAPASPFRQLLQPAPRLCTRPFGLLSVRAGSERRPGLLRPRGPCACGCGCGSLHTDGDKAFVDFLSDEIKEERKIQKHKTLPKMSGGWELELNGTESKLVRKVAGEKITVTFNINNSIPPTFDGEEEPSQGQKVEEQEPELTSTPNFVVEVIKNDDGKKALVLDCHYPEDEVGQEDEAESDIFSIREVSFQSTGESEWKDTNYTLNTYSLDWALYDHLMDFLADRGVDNTFADELVELSTALEAPGAHYFS,286
8,C1QBP-GST,pANT7_cGST,AMP,MLPLLRCVPRVLGSSVAGLRAAAPASPFRQLLQPAPRLCTRPFGLLSVRAGSERRPGLLRPRGPCACGCGCGSLHTDGDKAFVDFLSDEIKEERKIQKHKTLPKMSGGWELELNGTEAKLVRKVAGEKITVTFNINNSIPPTFDGEEEPSQGQKVEEQEPELTSTPNFVVEVIKNDDGKKALVLDCHYPEDEVGQEDEAESDIFSIREVSFQSTGESEWKDTNYTLNTDSLDWALYDHLMDFLADRGVDNTFADELVELSTALEHQEYITFLEDLKSFVKSQ,282
9,ChiA_Full,pET-46,AMP,MAHHHHHHVDDDDKMNTSLKPSIAQPTACVNSLFTATGNQHWKSIVLKLTNNCNQAVDFQNSTVSFQTTAALNTSFWGDFSPLSYPDNALNISSQPQSGGNYLATLNLHFPSYPGANSKLPVGSSISIKYGAVTDSHIEGTANVYLSTTVESGSIQLINAAAKPTNVSQGYALVHVTMNGQSVSDVQLPWETSKTLSGFAAGNYAISAETVTDSNGNLYLGQANPSMVNVIANQTTSSTINYARVQETGKIKIHVQNLPGELSNYNENPTVLITQSQSGNSRSQHAVWGNTTTVAELKEGSSYQFSTPAIQYNDYNCWPTFTPSSLVASAANVPTTNLTYQCAQIVKDNVTINVSGAPSSLASLKIILTPNDGSQTVEQTIDLANGVGSSAISLTDGVIYTLSSEGVPGYTVQFSPQPLTATENATVNITLSPVTAAKGRIIGYVPGWKTPPAAQELASAGYTHVMIAFGVFSTNTPGVIVPAFETITKEYIQSLHQAGIKVILSLGGALTSIPNTTVDFHQVLVASSSPEAFKQTFINSLKELISQYGFDGFDTDIEHGINASGSFSQPQGDIAVLASIINTMYSQNSSLLITLTPQVANIAATSGFDQTWGNYASLIMQTHQSLAWVGIQLYNTGCAFGIDQVCYGPTPTDTPDFSVAMATDLLENWPATVNGRPTGFQPYISYLRPSQIVIGYPSPNASGGSDGSPVTPTTTIKRAIQCLKTAIAGNTSCGVYVPPRAYGNIGGVFNWEVTYDKNNQFKFAKELKNCAINGVCE,777
10,ChiA_N1,pET-46,AMP,MAHHHHHHVDDDDKMNTSLKPSIAQPTACVNSLFTATGNQHWKSIVLKLTNNCNQAVDFQNSTVSFQTTAALNTSFWGDFSPLSYPDNALNISSQPQSGGNYLATLNLHFPSYPGANSKLPVGSSISIKYGAVTDSHIEGTANVYLSTTVESGSI,155
11,ChiA_N2,pET-46,AMP,MAHHHHHHVDDDDKMGSIQLINAAAKPTNVSQGYALVHVTMNGQSVSDVQLPWETSKTLSGFAAGNYAISAETVTDSNGNLYLGQANPSMVNVIANQTTSSTINYARVQETGKIKIHVQNLPGELSNYNENPTVLITQSQSGNSRSQHAVWGNTTTVAELKEGSSYQFSTPAIQYND,177
12,ChiA_N3,pET-46,AMP,MAHHHHHHVDDDDKMGSSYQFSTPAIQYNDYNCWPTFTPSSLVASAANVPTTNLTYQCAQIVKDNVTINVSGAPSSLASLKIILTPNDGSQTVEQTIDLANGVGSSAISLTDGVIYTLSSEGVPGYTVQFSPQPLTATENATVNITLS,148
16,LCL full,pET-46,AMP,MAHHHHHHVDDDDKMKSNPASQAYVDGKVSELKNELTNKINSIPSGPQGPRGDKGEAGPKGDRGEAGPQGLPGPKGDRGEAGPQGLPGPKGDRGEAGPQGLPGPKGDRGEAGPQGLPGPKGDRGEAGPQGLPGPQGLPGPKGDKGEAGPQGLPGPKGDKGEAGPQGLPGPKGDKGEAGAVGPQGMPGPKGDKEAGPQGLPGPKGDRGEAGPQGLPGPKGDRGEAGPQGLPGPKGDRGEAGPQGLPGPKGDRGEAGPQGLPGPKGDRGEAGPQGLPGPKGDRGEAGPQGLPGPKGDRGEAGPQGLPGPKGDRGEAGPQGLPGPKGDRGEAGPQGLPGPKGDRGEAGPQGLPGPKGDRGEAGPQGLPGPKGDRGEAGPQGLPGPKGDKGETGAVGPQGMPGPKGEAGDDGQGVPAGGETGQVLAKSNDLDFNTMWVDPANSGIRRQLGDKALGGTVIYVNALGTHGLVVANSDQVNSNTWWDAQDSITNPAHFDNEGKLYSDWRLPTRFELNLIYMMRNELGNFLAGNYWSSIEKSSANSWVFNSKTGEIKDIAKSKTAAVRAVRAF,565
17,Lcl-C,pET-46,AMP,MAHHHHHHVDDDDKMETGQVLAKSNDLDFNTMWVDPANSGIRRQLGDKALGGTVIYVNALGTHGLVVANSDQVNSNTWWDAQDSITNPAHFDNEGKLYSDWRLPTRFELNLIYMMRNELGNFLAGNYWSSIEKSSANSWVFNSKTGEIKDIAKSKTAAVRAVRAF,165
19,LspC_HR,pET-46,AMP,MAHHHHHHVDDDDKMEDNVKQSMLNVTLVGILFADKIEESQVIIRSASGEEKTYNVGDKIPGGATIKRIMPGGVLVERDGTLESLSLPKNDLTFEPVAKPLKEE,104
20,LspC_TMHRHR,pET-46,AMP,MAHHHHHHVDDDDKMTYVRAIPVSNTKSIAGMREENLNYIFNTSLFGVYVPADLNEDNVKQSMLNVTLVGILFADKIEESQVIIRSASGEEKTYNVGDKIPGGATIKRIMPGGVLVERDGTLESLSLPKNDLTFEPVAKPLKEE,144
21,LspC_TMHRHR_TRUNC,pET-46,AMP,MAHHHHHHVDDDDKMAGMREENLNYIFNTSLFGVYVPADLNEDNVKQSMLNVTLVGILFADKIEESQVIIRSASGEEKTYNVGDKIPGGATIKRIMPGGVLVERDGTLESLSL,113
23,LspD_N0,pET-46,AMP,MAHHHHHHVDDDDKMGSKLWNLRNADIRAVIAEVSRITGKNFVIDPRVQGKVSIVSSTPLSSRELYQVFLSVLQVSGYAAIPNGEIIKIIPNIDAKTQSPDLLSGMKSPPR,111
